{"cameraMode":{"drawMode":0,"name":"Shaded","section":"Shading Mode"},"sceneLighting":false,"audioPlay":false,"sceneViewState":{"m_AlwaysRefresh":false,"showFog":true,"showSkybox":false,"showFlares":true,"showImageEffects":true,"showParticleSystems":true,"showVisualEffectGraphs":true,"m_FxEnabled":true},"in2DMode":false,"pivot":{"x":-0.26739978790283205,"y":0.6277268528938294,"z":-0.17579877376556397},"rotation":{"x":-0.11626458168029785,"y":0.5489550828933716,"z":-0.07694351673126221,"w":-0.8247026205062866},"size":1.7102631330490113,"orthographic":false}