{"cameraMode":{"drawMode":0,"name":"Shaded","section":"Shading Mode"},"sceneLighting":false,"audioPlay":false,"sceneViewState":{"m_AlwaysRefresh":false,"showFog":true,"showSkybox":false,"showFlares":true,"showImageEffects":true,"showParticleSystems":true,"showVisualEffectGraphs":true,"m_FxEnabled":true},"in2DMode":false,"pivot":{"x":0.8216580152511597,"y":0.9874100089073181,"z":0.1464524269104004},"rotation":{"x":-0.05118739977478981,"y":0.6174368262290955,"z":-0.039728280156850818,"w":-0.7845368385314941},"size":0.9394149780273438,"orthographic":false}