{"cameraMode":{"drawMode":0,"name":"Shaded","section":"Shading Mode"},"sceneLighting":false,"audioPlay":false,"sceneViewState":{"m_AlwaysRefresh":false,"showFog":true,"showSkybox":false,"showFlares":true,"showImageEffects":true,"showParticleSystems":true,"showVisualEffectGraphs":true,"m_FxEnabled":true},"in2DMode":false,"pivot":{"x":-0.03040480613708496,"y":1.747340202331543,"z":-0.08807706832885742},"rotation":{"x":-0.010961874388158322,"y":0.9840538501739502,"z":-0.06534818559885025,"w":-0.16507135331630708},"size":3.856487989425659,"orthographic":false}