{"cameraMode":{"drawMode":0,"name":"Shaded","section":"Shading Mode"},"sceneLighting":true,"audioPlay":false,"sceneViewState":{"m_AlwaysRefresh":false,"showFog":true,"showSkybox":true,"showFlares":true,"showImageEffects":true,"showParticleSystems":true,"showVisualEffectGraphs":true,"m_FxEnabled":true},"in2DMode":false,"pivot":{"x":18.027889251708986,"y":9.086888313293457,"z":-6.117815971374512},"rotation":{"x":0.21058247983455659,"y":-0.6241263151168823,"z":0.17593194544315339,"w":0.7322600483894348},"size":5.6178765296936039,"orthographic":false}