{"cameraMode":{"drawMode":0,"name":"Shaded","section":"Shading Mode"},"sceneLighting":false,"audioPlay":false,"sceneViewState":{"m_AlwaysRefresh":false,"showFog":true,"showSkybox":false,"showFlares":true,"showImageEffects":true,"showParticleSystems":true,"showVisualEffectGraphs":true,"m_FxEnabled":true},"in2DMode":false,"pivot":{"x":-0.10470819473266602,"y":0.5431221723556519,"z":-0.07837820053100586},"rotation":{"x":0.23611459136009217,"y":-0.3808012008666992,"z":0.10122497379779816,"w":0.8882582783699036},"size":1.3029017448425294,"orthographic":false}