{"cameraMode":{"drawMode":0,"name":"Shaded","section":"Shading Mode"},"sceneLighting":false,"audioPlay":false,"sceneViewState":{"m_AlwaysRefresh":false,"showFog":true,"showSkybox":false,"showFlares":true,"showImageEffects":true,"showParticleSystems":true,"showVisualEffectGraphs":true,"m_FxEnabled":true},"in2DMode":false,"pivot":{"x":-17.021507263183595,"y":-5.924623489379883,"z":11.811027526855469},"rotation":{"x":0.22622761130332948,"y":0.03217267617583275,"z":-0.007305322214961052,"w":0.9735779166221619},"size":166.4771270751953,"orthographic":false}