{"cameraMode":{"drawMode":0,"name":"Shaded","section":"Shading Mode"},"sceneLighting":false,"audioPlay":false,"sceneViewState":{"m_AlwaysRefresh":false,"showFog":true,"showSkybox":false,"showFlares":true,"showImageEffects":true,"showParticleSystems":true,"showVisualEffectGraphs":true,"m_FxEnabled":true},"in2DMode":false,"pivot":{"x":-0.317004919052124,"y":1.0933263301849366,"z":1.2400503158569337},"rotation":{"x":0.05438278242945671,"y":-0.22415776550769807,"z":0.01246125902980566,"w":0.9732040166854858},"size":2.459916353225708,"orthographic":false}