{"cameraMode":{"drawMode":0,"name":"Shaded","section":"Shading Mode"},"sceneLighting":false,"audioPlay":false,"sceneViewState":{"m_AlwaysRefresh":false,"showFog":true,"showSkybox":false,"showFlares":true,"showImageEffects":true,"showParticleSystems":true,"showVisualEffectGraphs":true,"m_FxEnabled":true},"in2DMode":false,"pivot":{"x":0.01242885086685419,"y":0.3287350535392761,"z":-0.03349858894944191},"rotation":{"x":0.19444337487220765,"y":-0.3716983199119568,"z":0.07992909848690033,"w":0.9042410850524902},"size":1.1357821226119996,"orthographic":false}