{"cameraMode":{"drawMode":0,"name":"Shaded","section":"Shading Mode"},"sceneLighting":false,"audioPlay":false,"sceneViewState":{"m_AlwaysRefresh":false,"showFog":true,"showSkybox":false,"showFlares":true,"showImageEffects":true,"showParticleSystems":true,"showVisualEffectGraphs":true,"m_FxEnabled":true},"in2DMode":false,"pivot":{"x":0.8582506775856018,"y":1.223575472831726,"z":-1.1604459285736085},"rotation":{"x":-0.12799835205078126,"y":0.1281460076570511,"z":-0.015920856967568399,"w":-0.9836142063140869},"size":0.4676017165184021,"orthographic":false}