{"cameraMode":{"drawMode":0,"name":"Shaded","section":"Shading Mode"},"sceneLighting":false,"audioPlay":false,"sceneViewState":{"m_AlwaysRefresh":false,"showFog":true,"showSkybox":false,"showFlares":true,"showImageEffects":true,"showParticleSystems":true,"showVisualEffectGraphs":true,"m_FxEnabled":true},"in2DMode":false,"pivot":{"x":0.04999999701976776,"y":0.40000003576278689,"z":0.09999996423721314},"rotation":{"x":0.21989457309246064,"y":-0.3437716066837311,"z":0.08314817398786545,"w":0.9091548919677734},"size":0.8500001430511475,"orthographic":false}