{"cameraMode":{"drawMode":0,"name":"Shaded","section":"Shading Mode"},"sceneLighting":false,"audioPlay":false,"sceneViewState":{"m_AlwaysRefresh":false,"showFog":true,"showSkybox":false,"showFlares":true,"showImageEffects":true,"showParticleSystems":true,"showVisualEffectGraphs":true,"m_FxEnabled":true},"in2DMode":false,"pivot":{"x":-0.32355940341949465,"y":0.9981515407562256,"z":-0.19152987003326417},"rotation":{"x":-0.13070164620876313,"y":0.5002011060714722,"z":-0.07621020823717118,"w":-0.8531295657157898},"size":1.2528194189071656,"orthographic":false}