{"cameraMode":{"drawMode":0,"name":"Shaded","section":"Shading Mode"},"sceneLighting":false,"audioPlay":false,"sceneViewState":{"m_AlwaysRefresh":false,"showFog":true,"showSkybox":false,"showFlares":true,"showImageEffects":true,"showParticleSystems":true,"showVisualEffectGraphs":true,"m_FxEnabled":true},"in2DMode":false,"pivot":{"x":-2.9802322387695315e-8,"y":0.3500000536441803,"z":-5.960464477539063e-8},"rotation":{"x":-0.17817772924900056,"y":0.3753337562084198,"z":-0.07335703074932099,"w":-0.9071482419967651},"size":1.3901443481445313,"orthographic":false}