{"cameraMode":{"drawMode":0,"name":"Shaded","section":"Shading Mode"},"sceneLighting":false,"audioPlay":false,"sceneViewState":{"m_AlwaysRefresh":false,"showFog":true,"showSkybox":false,"showFlares":true,"showImageEffects":true,"showParticleSystems":true,"showVisualEffectGraphs":true,"m_FxEnabled":true},"in2DMode":false,"pivot":{"x":28.407684326171876,"y":14.943253517150879,"z":10.980751037597657},"rotation":{"x":0.0035664173774421217,"y":0.9965882897377014,"z":-0.055669959634542468,"w":0.061664048582315448},"size":1.039233922958374,"orthographic":false}