{"cameraMode":{"drawMode":0,"name":"Shaded","section":"Shading Mode"},"sceneLighting":false,"audioPlay":false,"sceneViewState":{"m_AlwaysRefresh":false,"showFog":true,"showSkybox":false,"showFlares":true,"showImageEffects":true,"showParticleSystems":true,"showVisualEffectGraphs":true,"m_FxEnabled":true},"in2DMode":false,"pivot":{"x":-0.04999999701976776,"y":0.8000003099441528,"z":0.04999972879886627},"rotation":{"x":0.21989457309246064,"y":-0.3437716066837311,"z":0.08314817398786545,"w":0.9091548919677734},"size":0.8276479244232178,"orthographic":false}